categorie,opus,fichier,notre_titre,titre_nba
punctuation_ou_casse,BWV 332,"Herr_Jesu_Christ,_dich_zu_uns_wend_(BWV_332)_Jean_Sébastien_Bach_layout.ly","Herr Jesu Christ, dich zu uns wend","Herr, Jesu Christ, dich zu uns wend"
a_verifier,BWV 33/6,"Allein_zu_dir,_Herr_Jesu_Christ_(BWV_33_6)_Jean_Sébastien_Bach_layout.ly",Ehr sei Gott in dem höchsten Thron,"Allein zu dir, Herr Jesu Christ"
a_verifier,BWV 441,"Auf,_auf,_mein_Herz,_mit_Freuden_(BWV_441)_Jean_Sébastien_Bach_layout.ly","Auf, auf, mein Herz, mit Freuden",ZZZ
a_verifier,BWV 38/6,Aus_tiefer_Not_schrei_ich_zu_dir_(BWV_38_6)_Jean_Sébastien_Bach_layout.ly,Ob bei uns ist der Sünden viel,Aus tiefer Not schrei ich zu dir
a_verifier,BWV 275,"Christe,_du_Beistand_deiner_Kreuzgemeine_(BWV_275)_Jean_Sébastien_Bach_layout.ly","Christe, du Beistand deiner Kreuzgemeine","Christe, du Beistand"
a_verifier,BWV 1089,Da_Jesus_an_dem_Kreutze_stund_(BWV_1089)_Jean_Sébastien_Bach_layout.ly,Da Jesus an dem Kreutze stund,
a_verifier,BWV 286,"Danket_dem_Herrn,_denn_er_ist_sehr_freundlich_(BWV_286)_Jean_Sébastien_Bach_layout.ly","Danket dem Herrn, denn er ist sehr freundlich",Danket dem Herren
a_verifier,BWV 291,Das_walt_mein_Gott_(BWV_291)_Jean_Sébastien_Bach_layout.ly,Das walt mein Gott,"Das walt mein Gott, Vater, Sohn und heiliger Geist"
a_verifier,BWV 1122,"Denket_doch,_ihr_Menschenkinder_(BWV_1122)_Jean_Sébastien_Bach_layout.ly","Denket doch, ihr Menschenkinder",ZZZ
a_verifier,BWV 297,Die_Sonn_hat_sich_mit_ihrem_Glanz_gewendet_(BWV_297)_Jean_Sébastien_Bach_layout.ly,Die Sonn hat sich mit ihrem Glanz gewendet,Die Sinn hat sich mit ihrem Glanz
a_verifier,BWV 11/6,"Du_Lebensfürst,_Herr_Jesu_Christ_(BWV_11_6)_Jean_Sébastien_Bach_layout.ly","Du Lebensfürst, Herr Jesu Christ","Du Du Lebensfürst, Herr Jesu Christ"
a_verifier,BWV 18/5,Durch_Adams_Fall_ist_ganz_verderbt_[de]_(BWV_18_5)_Jean_Sébastien_Bach_layout.ly,"Ich bitt, o Herr, aus Herzens Grund",Durch Adams Fall ist ganz verderbt
a_verifier,BWV 245/22,"Durch_dein_Gefängnis,_Gottes_Sohn_(1_v.)_(BWV_245_22)_Jean_Sébastien_Bach_layout.ly","Durch dein Gefängnis, Gottes Sohn","Durch dein Gefängis, Gottes Sohn"
a_verifier,BWV 80/8,Ein_feste_Burg_ist_unser_Gott_(BWV_80_8)_Jean_Sébastien_Bach_layout.ly,Das Wort sie sollen laßen stahn,Ein feste Burg ist unser Gott
a_verifier,BWV 306,Erstanden_ist_der_heilig_Christ_(BWV_306)_Jean_Sébastien_Bach_layout.ly,Erstanden ist der heilig Christ,Erstanden ist der heilge Christ
a_verifier,BWV 122/6,Es_bringt_das_rechte_Jubeljahr_(BWV_122_6)_Jean_Sébastien_Bach_layout.ly,Es bringt das rechte Jubeljahr,Das neugeborne Kindelein
a_verifier,BWV 311,Es_woll_uns_Gott_gnädig_sein_(I)_(BWV_311)_Jean_Sébastien_Bach_layout.ly,Es woll uns Gott gnädig sein (I),Es woll uns Gott genädig sein
a_verifier,BWV 312,Es_woll_uns_Gott_gnädig_sein_(II)_(BWV_312)_Jean_Sébastien_Bach_layout.ly,Es woll uns Gott gnädig sein (II),Es woll uns Gott genädig sein
a_verifier,BWV 313,Für_Freuden_lasst_uns_springen_(BWV_313)_Jean_Sébastien_Bach_layout.ly,Für Freuden lasst uns springen,Vor Freuden lasst uns springen
a_verifier,BWV 314,"Gelobt_seist_du,_Jesu_Christ_(BWV_314)_Jean_Sébastien_Bach_layout.ly","Gelobt seist du, Jesu Christ","Gelobet seist du, Jesu Christ"
a_verifier,BWV 325,"Heilig,_heilig_(BWV_325)_Jean_Sébastien_Bach_layout.ly","Heilig, heilig","Heilig, heilig [German Sanctus]"
a_verifier,BWV 338,"Herr,_straf_mich_nicht_in_deinem_Zorn_(BWV_338)_Jean_Sébastien_Bach_layout.ly","Herr, straf mich nicht in deinem Zorn","Herr, straf mich nicht in deinem Zorn (paraph. of Ps.38)"
a_verifier,BWV 328,"Herr_Gott,_dich_loben_wir_(BWV_328)_Jean_Sébastien_Bach_layout.ly","Herr Gott, dich loben wir","Herr Gott, dich loben wir [German Te Deum]"
a_verifier,BWV 333,"Herr_Jesu_Christ,_du_hast_bereit'_(BWV_333)_Jean_Sébastien_Bach_layout.ly","Herr Jesu Christ, du hast bereit'","Herr Jesu Christ, du hast bereitt"
a_verifier,BWV 334,"Herr_Jesu_Christ,_ich_schrei_zu_dir_(BWV_334)_Jean_Sébastien_Bach_layout.ly","Herr Jesu Christ, ich schrei zu dir","Herr Jesu Christ, du höchstes Gut"
a_verifier,BWV 244/46,Herzliebster_Jesu_(BWV_244_46)_Jean_Sébastien_Bach_layout.ly,Herzliebster Jesu,"Herzliebster Jesu, was hast du verbrochen"
a_verifier,BWV 245/17,Herzliebster_Jesu_(vv._8–9)_(BWV_245_17)_Jean_Sébastien_Bach_layout.ly,Herzliebster Jesu,"Herzliebster Jesu, was hast du verbrochen"
a_verifier,BWV 248/42,"Hilf,_Herr_Jesu,_laß_gelingen_(BWV_248_42)_Jean_Sébastien_Bach_layout.ly","Hilf, Herr Jesu, laß gelingen","Hilf, Herr Jesu, lass gelingen"
a_verifier,BWV 346,"Ich_dank_dir,_Gott,_für_deine_Wohltat_(BWV_346)_Jean_Sébastien_Bach_layout.ly","Ich dank dir, Gott, für deine Wohltat",Ich dank dir Gott für all Wohltat
a_verifier,BWV 349,Ich_dank_dir_schon_durch_deinen_Sohn_(BWV_349)_Jean_Sébastien_Bach_layout.ly,Ich dank dir schon durch deinen Sohn,Ich dank dir schon deinen Sohn
a_verifier,BWV 350,"Ich_danke_dir,_Herr_Gott,_in_deinem_Throne_(BWV_350)_Jean_Sébastien_Bach_layout.ly","Ich danke dir, Herr Gott, in deinem Throne","Ich danke dir, o Gott in deinem Throne"
a_verifier,BWV 1124,"Ich_ruf_zu_dir,_Herr_Jesu_Christ_(BWV_1124)_Jean_Sébastien_Bach_layout.ly","Ich ruf zu dir, Herr Jesu Christ",ZZZ
a_verifier,BWV 367,In_allen_meinen_Taten_(choral)_(BWV_367)_Jean_Sébastien_Bach_layout.ly,In allen meinen Taten (choral),In allen meinen Taten
a_verifier,BWV 363,"Jesus_Christus,_unser_Heiland_(I)_(BWV_363)_Jean_Sébastien_Bach_layout.ly","Jesus Christus, unser Heiland (I)","Jesus Christus, unser Heiland, der von uns"
a_verifier,BWV 39/7,"Kommt,_laßt_euch_den_Herren_lehren_(BWV_39_7)_Jean_Sébastien_Bach_layout.ly","Kommt, laßt euch den Herren lehren","Kommt, lasst euch den Herren lehren"
a_verifier,BWV 248/35,Lasst_Furcht_und_Pein_(BWV_248_35)_Jean_Sébastien_Bach_layout.ly,Laßt Furcht und Pein,Lasst Furcht und Pein
a_verifier,BWV 373,"Liebster_Jesu,_wir_sind_hier_(choral)_(BWV_373)_Jean_Sébastien_Bach_layout.ly","Liebster Jesu, wir sind hier (choral)","Liebster Jesu, wir sind hier"
a_verifier,BWV 1126,"Lobet_Gott,_unsern_Herren_(BWV_1126)_Jean_Sébastien_Bach_layout.ly","Lobet Gott, unsern Herren",ZZZ
a_verifier,BWV 378,Mein_Augen_schließ_ich_jetzt_in_Gottes_Namen_zu_(BWV_378)_Jean_Sébastien_Bach_layout.ly,Mein Augen schließ ich jetzt in Gottes Namen zu,Mein Augen schließ ich jetzt
a_verifier,BWV 324,Meine_Seele_erhebet_den_Herren_(BWV_324)_Jean_Sébastien_Bach_layout.ly,Meine Seele erhebet den Herren,Meine Seel erhebt den Herren [The German Magnificat]
a_verifier,BWV 10/7,Meine_Seele_erhebt_den_Herren_(doxology)_(BWV_10_7)_Jean_Sébastien_Bach_layout.ly,Meine Seele erhebt den Herren (doxologie),Meine Seel erhebt den Herren [The German Magnificat]
a_verifier,BWV 154/8,Meinen_Jesum_laß_ich_nicht_(BWV_154_8)_Jean_Sébastien_Bach_layout.ly,Meinen Jesum laß ich nicht,Meinen Jesum lass ich nicht
a_verifier,BWV 70/11,Meinen_Jesum_laß_ich_nicht_(BWV_70_11)_Jean_Sébastien_Bach_layout.ly,Meinen Jesum laß ich nicht,Meinen Jesum lass ich nicht
a_verifier,BWV 379,Meinen_Jesum_laß_ich_nicht_(I)_(BWV_379)_Jean_Sébastien_Bach_layout.ly,Meinen Jesum laß ich nicht (I),Meinen Jesum lass ich nicht
a_verifier,BWV 380,Meinen_Jesum_laß_ich_nicht_(II)_(BWV_380)_Jean_Sébastien_Bach_layout.ly,Meinen Jesum laß ich nicht (II),Meinen Jesum lass ich nicht
a_verifier,BWV 382,Mit_Fried_und_Freud_ich_fahr_dahin_(choral)_(BWV_382)_Jean_Sébastien_Bach_layout.ly,Mit Fried und Freud ich fahr dahin (choral),Mit Fried und Freud ich fahr dahin
a_verifier,BWV 386,Nun_danket_alle_Gott_(choral)_(BWV_386)_Jean_Sébastien_Bach_layout.ly,Nun danket alle Gott (choral),Nun danket alle Gott
a_verifier,BWV 397,"O_Ewigkeit,_du_Donnerwort_(choral)_(BWV_397)_Jean_Sébastien_Bach_layout.ly","O Ewigkeit, du Donnerwort (choral)","O Ewigkeit, du Donnerwort"
a_verifier,BWV 1125,"O_Gott,_du_frommer_Gott_(BWV_1125)_Jean_Sébastien_Bach_layout.ly","O Gott, du frommer Gott",ZZZ
a_verifier,BWV 400,O_Herzensangst_(BWV_400)_Jean_Sébastien_Bach_layout.ly,O Herzensangst,"O Herzensangst, o Bangigkeit"
a_verifier,BWV 401,"O_Lamm_Gottes,_unschuldig_(choral)_(BWV_401)_Jean_Sébastien_Bach_layout.ly","O Lamm Gottes, unschuldig (choral)","O Lamm Gottes, unschuldig"
a_verifier,BWV 57/8,"Richte_dich,_Liebste,_nach_meinem_Gefallen_(BWV_57_8)_Jean_Sébastien_Bach_layout.ly","Richte dich, Liebste, nach meinem Gefallen","Hast du denn, Jesu, dein Angesicht gänzlich verborgen"
a_verifier,BWV 409,Seelenbräutigam_(BWV_409)_Jean_Sébastien_Bach copie_layout.ly,Seelenbräutigam,"Seelenbräutigam, Jesu, Gottes Lamm"
a_verifier,BWV 25/6,"Treuer_Gott,_ich_muss_dir_klagen_(BWV_25_6)_Jean_Sébastien_Bach_layout.ly","Treuer Gott, ich muß dir klagen","Treuer Gott, ich muss dir klagen"
a_verifier,BWV 415,Valet_will_ich_dir_geben_(choral)_(BWV_415)_Jean_Sébastien_Bach_layout.ly,Valet will ich dir geben (choral),Valet will ich dir geben
a_verifier,BWV 126/6,Verleih_uns_Frieden_gnädlich_(complete)_(BWV_126_6)_Jean_Sébastien_Bach_layout.ly,Verleih uns Frieden gnädlich,Verleih uns Frieden gnädiglich
a_verifier,BWV 42/7,Verleih_uns_Frieden_gnädlich_(complete)_(BWV_42_7)_Jean_Sébastien_Bach_layout.ly,Verleih uns Frieden gnädlich,Verleih uns Frieden gnädiglich
a_verifier,BWV 423,"Was_betrübst_du_dich,_mein_Herze_(BWV_423)_Jean_Sébastien_Bach_layout.ly","Was betrübst du dich, mein Herze","Was betrübst du dich, mein Herz"
a_verifier,BWV 144/6,"Was_mein_Gott_will,_das_g'scheh_allzeit_(BWV_144_6)_Jean_Sébastien_Bach_layout.ly","Was mein Gott will, das g'scheh allzeit","Was mein will, das gscheh allzeit"
a_verifier,BWV 244/25,"Was_mein_Gott_will,_das_g'scheh_allzeit_(BWV_244_25)_Jean_Sébastien_Bach_layout.ly","Was mein Gott will, das g'scheh allzeit","Was mein will, das gscheh allzeit"
a_verifier,BWV 77/6,Wenn_einer_alle_Ding_verstünd_(v._8)?_(BWV_77_6)_Jean_Sébastien_Bach_layout.ly,"Wenn einer alle Ding verstünd / O Gottes Sohn, Herr Jesu Christ","O Gottes Sohn, Herr Jesu Christ"
a_verifier,BWV 430,Wenn_mein_Stündlein_verhanden_ist_(III)_(BWV_430)_Jean_Sébastien_Bach_layout.ly,Wenn mein Stündlein verhanden ist (III),Wenn mein Stündlein vorhanden ist
a_verifier,BWV 339,Wer_in_dem_Schutz_des_Höchsten_ist_(BWV_339)_Jean_Sébastien_Bach_layout.ly,Wer in dem Schutz des Höchsten ist,"Herr, wie du willst, so schicks mit mir"
a_verifier,BWV 197/10,Wer_nur_den_lieben_Gott_läßt_walten_(BWV_197_10)_Jean_Sébastien_Bach_layout.ly,Wer nur den lieben Gott läßt walten,Wer nur den lieben Gott lässt walten
a_verifier,BWV 434,Wer_nur_den_lieben_Gott_läßt_walten_(BWV_434)_Jean_Sébastien_Bach_layout.ly,Wer nur den lieben Gott läßt walten,Wer nur den lieben Gott lässt walten
a_verifier,BWV 88/7,Wer_nur_den_lieben_Gott_läßt_walten_(BWV_88_7)_Jean_Sébastien_Bach_layout.ly,Wer nur den lieben Gott läßt walten,Wer nur den lieben Gott lässt walten
a_verifier,BWV 166/6,"Wer_weiß,_wie_nahe_mir_mein_Ende_(BWV_166_6)_Jean_Sébastien_Bach_layout.ly","Wer weiß, wie nahe mir mein Ende","Wer weiss, wie nahe mir mein Ende"
a_verifier,BWV 84/5,"Wer_weiß,_wie_nahe_mir_mein_Ende_(BWV_84_5)_Jean_Sébastien_Bach_layout.ly","Wer weiß, wie nahe mir mein Ende","Wer weiss, wie nahe mir mein Ende"
a_verifier,BWV 436,Wie_schön_leuchtet_der_Morgenstern_(choral)_(BWV_436)_Jean_Sébastien_Bach_layout.ly,Wie schön leuchtet der Morgenstern (choral),Wie schön leuchtet der Morgenstern
a_verifier,BWV 1123,Wo_Gott_zum_Haus_nicht_gibt_sein_Gunst_(BWV_1123)_Jean_Sébastien_Bach_layout.ly,Wo Gott zum Haus nicht gibt sein Gunst,ZZZ
a_verifier,BWV 148/6,Wo_soll_ich_fliehen_hin_(BWV_148_6)_Jean_Sébastien_Bach_layout.ly,Wo soll ich fliehen hin,Auf meinen lieben Gott (5?)
pas_de_donnee_nba,BWV 261,"Allein_zu_dir,_Herr_Jesu_Christ_(BWV_261)_Jean_Sébastien_Bach_layout.ly","Allein zu dir, Herr Jesu Christ",
pas_de_donnee_nba,BWV 245/3a,"Herzliebster_Jesu,_was_hast_du_verbrochen_(BWV_245_3a)_Jean_Sébastien_Bach_layout.ly","Herzliebster Jesu, was hast du verbrochen",
pas_de_donnee_nba,BWV 245/3b,"Herzliebster_Jesu,_was_hast_du_verbrochen_(BWV_245_3b)_Jean_Sébastien_Bach_layout.ly","Herzliebster Jesu, was hast du verbrochen",
pas_de_donnee_nba,BWV 244/3,Herzliebster_Jesu_(BWV_244_3)_Jean_Sébastien_Bach_layout.ly,Herzliebster Jesu,
pas_de_donnee_nba,BWV 64/8,"Jesu,_meine_Freude_(BWV_64_8)_Jean_Sébastien_Bach_layout.ly","Jesu, meine Freude",
pas_de_donnee_nba,BWV 227/1,"Jesu,_meine_Freude_(vv._1,_6)_(BWV_227_1)_Jean_Sébastien_Bach_layout.ly","Jesu, meine Freude",
pas_de_donnee_nba,BWV 197/5,Nun_bitten_wir_den_Heiligen_Geist_(BWV_197_5)_Jean_Sébastien_Bach_layout.ly,Nun bitten wir den Heiligen Geist,
pas_de_donnee_nba,BWV 20/7-11,"O_Ewigkeit,_du_Donnerwort_(vv._11,_16)_(BWV_20_7_11)_Jean_Sébastien_Bach_layout.ly","O Ewigkeit, du Donnerwort",
pas_de_donnee_nba,pas de BWV attribué,"O_Traurigkeit,_o_Herzeleid!_(pas _de_BWV_attribué)_Jean_Sébastien_Bach_layout.ly","O Traurigkeit, o Herzeleid!",
pas_de_donnee_nba,BWV 117/4,Sei_Lob_und_Ehr_dem_höchsten_Gut_(BWV_117_4_9)_Jean_Sébastien_Bach_layout.ly,Sei Lob und Ehr dem höchsten Gut,
pas_de_donnee_nba,BWV 194/6,"Treuer_Gott,_ich_muss_dir_klagen_(BWV_194_6)_Jean_Sébastien_Bach_layout.ly","Treuer Gott, ich muss dir klagen",
pas_de_donnee_nba,BWV 245/5a,Vater_unser_im_Himmelreich_(BWV_245_5a)_Jean_Sébastien_Bach_layout.ly,Vater unser im Himmelreich (1ère version),
pas_de_donnee_nba,BWV 245/5b,Vater_unser_im_Himmelreich_(BWV_245_5b)_Jean_Sébastien_Bach_layout.ly,Vater unser im Himmelreich (2ème version),
pas_de_donnee_nba,BWV 248/9,"Vom_Himmel_hoch,_da_komm_ich_her_(BWV_248_9)_Jean_Sébastien_Bach_layout.ly",Vom Himmel hoch da komm ich her,
pas_de_donnee_nba,BWV 94/8,Was_frag_ich_nach_der_Welt_(vv._7–8)_(BWV_94_8)_Jean_Sébastien_Bach_layout.ly,Was frag ich nach der Welt,
pas_de_donnee_nba,BWV 248/5,Wie_soll_ich_dich_empfangen_(BWV_248_5)_Jean_Sébastien_Bach_layout.ly,Wie soll ich dich empfangen,
roman_suffix_ok,BWV 270,Befiehl_du_deine_Wege_(I)_(BWV_270)_Jean_Sébastien_Bach_layout.ly,Befiehl du deine Wege (I),Befiehl du deine Wege
roman_suffix_ok,BWV 271,Befiehl_du_deine_Wege_(II)_(BWV_271)_Jean_Sébastien_Bach_layout.ly,Befiehl du deine Wege (II),Befiehl du deine Wege
roman_suffix_ok,BWV 272,Befiehl_du_deine_Wege_(III)_(BWV_272)_Jean_Sébastien_Bach_layout.ly,Befiehl du deine Wege (III),Befiehl du deine Wege
roman_suffix_ok,BWV 278,Christ_lag_in_Todesbanden_(II)_(BWV_278)_Jean_Sébastien_Bach_layout.ly,Christ lag in Todesbanden (II),Christ lag in Todesbanden
roman_suffix_ok,BWV 279,Christ_lag_in_Todesbanden_(III)_(BWV_279)_Jean_Sébastien_Bach_layout.ly,Christ lag in Todesbanden (III),Christ lag in Todesbanden
roman_suffix_ok,BWV 282,"Christus,_der_ist_mein_Leben_(II)_(BWV_282)_Jean_Sébastien_Bach_layout.ly","Christus, der ist mein Leben (II)","Christus, der ist mein Leben"
roman_suffix_ok,BWV 288,Das_alte_Jahr_vergangen_ist_(I)_(BWV_288)_Jean_Sébastien_Bach_layout.ly,Das alte Jahr vergangen ist (I),Das alte Jahr vergangen ist
roman_suffix_ok,BWV 289,Das_alte_Jahr_vergangen_ist_(II)_(BWV_289)_Jean_Sébastien_Bach_layout.ly,Das alte Jahr vergangen ist (II),Das alte Jahr vergangen ist
roman_suffix_ok,BWV 302,Ein_feste_Burg_ist_unser_Gott_(I)_(BWV_302)_Jean_Sébastien_Bach_layout.ly,Ein feste Burg ist unser Gott (I),Ein feste Burg ist unser Gott
roman_suffix_ok,BWV 303,Ein_feste_Burg_ist_unser_Gott_(II)_(BWV_303)_Jean_Sébastien_Bach_layout.ly,Ein feste Burg ist unser Gott (II),Ein feste Burg ist unser Gott
roman_suffix_ok,BWV 330,"Herr,_ich_habe_missgehandelt_(I)_(BWV_330)_Jean_Sébastien_Bach_layout.ly","Herr, ich habe missgehandelt (I)","Herr, ich habe missgehandelt"
roman_suffix_ok,BWV 331,"Herr,_ich_habe_missgehandelt_(II)_(BWV_331)_Jean_Sébastien_Bach_layout.ly","Herr, ich habe missgehandelt (II)","Herr, ich habe missgehandelt"
roman_suffix_ok,BWV 326,"Herr_Gott,_dich_loben_alle_wir_(I)_(BWV_326)_Jean_Sébastien_Bach_layout.ly","Herr Gott, dich loben alle wir (I)","Herr Gott, dich loben alle wir"
roman_suffix_ok,BWV 347,"Ich_dank_dir,_lieber_Herre_(I)_(BWV_347)_Jean_Sébastien_Bach_layout.ly","Ich dank dir, lieber Herre (I)","Ich dank dir, lieber Herre"
roman_suffix_ok,BWV 348,"Ich_dank_dir,_lieber_Herre_(II)_(BWV_348)_Jean_Sébastien_Bach_layout.ly","Ich dank dir, lieber Herre (II)","Ich dank dir, lieber Herre"
roman_suffix_ok,BWV 357,"Jesu,_Jesu,_du_bist_mein_(I)_(BWV_357)_Jean_Sébastien_Bach_layout.ly","Jesu, Jesu, du bist mein (I)","Jesu, Jesu, du bist mein"
roman_suffix_ok,BWV 352,"Jesu,_der_du_meine_Seele_(I)_(BWV_352)_Jean_Sébastien_Bach_layout.ly","Jesu, der du meine Seele (I)","Jesu, der du meine Seele"
roman_suffix_ok,BWV 353,"Jesu,_der_du_meine_Seele_(II)_(BWV_353)_Jean_Sébastien_Bach_layout.ly","Jesu, der du meine Seele (II)","Jesu, der du meine Seele"
roman_suffix_ok,BWV 354,"Jesu,_der_du_meine_Seele_(III)_(BWV_354)_Jean_Sébastien_Bach_layout.ly","Jesu, der du meine Seele (III)","Jesu, der du meine Seele"
roman_suffix_ok,BWV 358,"Jesu,_meine_Freude_(I)_(BWV_358)_Jean_Sébastien_Bach_layout.ly","Jesu, meine Freude (I)","Jesu, meine Freude"
roman_suffix_ok,BWV 359,"Jesu,_meiner_Seelen_Wonne_(I)_(BWV_359)_Jean_Sébastien_Bach_layout.ly","Jesu, meiner Seelen Wonne (I)","Jesu, meiner Seelen Wonne"
roman_suffix_ok,BWV 360,"Jesu,_meiner_Seelen_Wonne_(II)_(BWV_360)_Jean_Sébastien_Bach_layout.ly","Jesu, meiner Seelen Wonne (II)","Jesu, meiner Seelen Wonne"
roman_suffix_ok,BWV 375,"Lobt_Gott,_ihr_Christen,_allzugleich_(I)_(BWV_375)_Jean_Sébastien_Bach_layout.ly","Lobt Gott, ihr Christen, allzugleich (I)","Lobt Gott, ihr Christen, allzugleich"
roman_suffix_ok,BWV 376,"Lobt_Gott,_ihr_Christen,_allzugleich_(II)_(BWV_376)_Jean_Sébastien_Bach_layout.ly","Lobt Gott, ihr Christen, allzugleich (II)","Lobt Gott, ihr Christen, allzugleich"
roman_suffix_ok,BWV 389,"Nun_lob,_mein_Seel,_den_Herren_(I)_(BWV_389)_Jean_Sébastien_Bach_layout.ly","Nun lob, mein Seel, den Herren (I)","Nun lob, mein Seel, den Herren"
roman_suffix_ok,BWV 390,"Nun_lob,_mein_Seel,_den_Herren_(II)_(BWV_390)_Jean_Sébastien_Bach_layout.ly","Nun lob, mein Seel, den Herren (II)","Nun lob, mein Seel, den Herren"
roman_suffix_ok,BWV 398,"O_Gott,_du_frommer_Gott_(I)_(BWV_398)_Jean_Sébastien_Bach_layout.ly","O Gott, du frommer Gott (I)","O Gott, du frommer Gott"
roman_suffix_ok,BWV 399,"O_Gott,_du_frommer_Gott_(II)_(BWV_399)_Jean_Sébastien_Bach_layout.ly","O Gott, du frommer Gott (II)","O Gott, du frommer Gott"
roman_suffix_ok,BWV 393,"O_Welt,_sieh_hier_dein_Leben_(I)_(BWV_393)_Jean_Sébastien_Bach_layout.ly","O Welt, sieh hier dein Leben (I)","O Welt, sieh hier dein Leben"
roman_suffix_ok,BWV 394,"O_Welt,_sieh_hier_dein_Leben_(II)_(BWV_394)_Jean_Sébastien_Bach_layout.ly","O Welt, sieh hier dein Leben (II)","O Welt, sieh hier dein Leben"
roman_suffix_ok,BWV 395,"O_Welt,_sieh_hier_dein_Leben_(III)_(BWV_395)_Jean_Sébastien_Bach_layout.ly","O Welt, sieh hier dein Leben (III)","O Welt, sieh hier dein Leben"
roman_suffix_ok,BWV 405,"O_wie_selig_seid_ihr_doch,_ihr_Frommen_(I)_(BWV_405)_Jean_Sébastien_Bach_layout.ly","O wie selig seid ihr doch, ihr Frommen (I)","O wie selig seid ihr doch, ihr Frommen"
roman_suffix_ok,BWV 406,"O_wie_selig_seid_ihr_doch,_ihr_Frommen_(II)_(BWV_406)_Jean_Sébastien_Bach_layout.ly","O wie selig seid ihr doch, ihr Frommen (II)","O wie selig seid ihr doch, ihr Frommen"
roman_suffix_ok,BWV 417,Von_Gott_will_ich_nicht_lassen_(I)_(BWV_417)_Jean_Sébastien_Bach_layout.ly,Von Gott will ich nicht lassen (I),Von Gott will ich nicht lassen
roman_suffix_ok,BWV 418,Von_Gott_will_ich_nicht_lassen_(II)_(BWV_418)_Jean_Sébastien_Bach_layout.ly,Von Gott will ich nicht lassen (II),Von Gott will ich nicht lassen
roman_suffix_ok,BWV 420,"Warum_betrübst_du_dich,_mein_Herz_(I)_(BWV_420)_Jean_Sébastien_Bach_layout.ly","Warum betrübst du dich, mein Herz (I)","Warum betrübst du dich, mein Herz"
roman_suffix_ok,BWV 421,"Warum_betrübst_du_dich,_mein_Herz_(II)_(BWV_421)_Jean_Sébastien_Bach_layout.ly","Warum betrübst du dich, mein Herz (II)","Warum betrübst du dich, mein Herz"
roman_suffix_ok,BWV 428,Wenn_mein_Stündlein_vorhanden_ist_(I)_(BWV_428)_Jean_Sébastien_Bach_layout.ly,Wenn mein Stündlein vorhanden ist (I),Wenn mein Stündlein vorhanden ist
roman_suffix_ok,BWV 429,Wenn_mein_Stündlein_vorhanden_ist_(II)_(BWV_429)_Jean_Sébastien_Bach_layout.ly,Wenn mein Stündlein vorhanden ist (II),Wenn mein Stündlein vorhanden ist
roman_suffix_ok,BWV 431,Wenn_wir_in_höchsten_Nöten_sein_(I)_(BWV_431)_Jean_Sébastien_Bach_layout.ly,Wenn wir in höchsten Nöten sein (I),Wenn wir in höchsten Nöten sein
roman_suffix_ok,BWV 432,Wenn_wir_in_höchsten_Nöten_sein_(II)_(BWV_432)_Jean_Sébastien_Bach_layout.ly,Wenn wir in höchsten Nöten sein (II),Wenn wir in höchsten Nöten sein
exact,BWV 259,"Ach,_was_soll_ich_Sünder_machen_(BWV_259)_Jean_Sébastien_Bach_layout.ly","Ach, was soll ich Sünder machen","Ach, was soll ich Sünder machen"
exact,BWV 254,"Ach_Gott,_erhör_mein_Seufzen_(BWV_254)_Jean_Sébastien_Bach_layout.ly","Ach Gott, erhör mein Seufzen und Wehklagen","Ach Gott, erhör mein Seufzen und Wehklagen"
exact,BWV 2/6,"Ach_Gott,_vom_Himmel_sieh_darein_(BWV_2_6)_Jean_Sébastien_Bach_layout.ly","Ach Gott, vom Himmel sieh darein","Ach Gott, vom Himmel sieh darein"
exact,BWV 153/9,"Ach_Gott,_wie_manches_Herzeleid_(BWV_153_9)_Jean_Sébastien_Bach_layout.ly","Ach Gott, wie manches Herzeleid","Ach Gott, wie manches Herzeleid"
exact,BWV 3/6,"Ach_Gott,_wie_manches_Herzeleid_(BWV_3_6)_Jean_Sébastien_Bach_layout.ly","Ach Gott, wie manches Herzeleid","Ach Gott, wie manches Herzeleid"
exact,BWV 255,Ach_Gott_und_Herr_(BWV_255)_Jean_Sébastien_Bach_layout.ly,Ach Gott und Herr,Ach Gott und Herr
exact,BWV 48/3,Ach_Gott_und_Herr_(BWV_48_3)_Jean_Sébastien_Bach_layout.ly,Ach Gott und Herr,Ach Gott und Herr
exact,BWV 253,"Ach_bleib_bei_uns,_Herr_Jesu_Christ_(BWV_253)_Jean_Sébastien_Bach_layout.ly","Ach bleib bei uns, Herr Jesu Christ","Ach bleib bei uns, Herr Jesu Christ"
exact,BWV 114/7,"Ach_lieben_Christen,_seid_getrost_(BWV_114_7)_Jean_Sébastien_Bach_layout.ly","Ach, lieben Christen, seid getrost","Ach, lieben Christen, seid getrost"
exact,BWV 256,Ach_lieben_Christen_seid_getrost_(BWV_256)_Jean_Sébastien_Bach_layout.ly,"Ach, lieben Christen, seid getrost","Ach, lieben Christen, seid getrost"
exact,BWV 26/6,"Ach_wie_flüchtig,_ach_wie_nichtig_(BWV_26_6)_Jean_Sébastien_Bach_layout.ly","Ach wie flüchtig, ach wie nichtig","Ach wie flüchtig, ach wie nichtig"
exact,BWV 262,Alle_Menschen_müssen_sterben_(BWV_262)_Jean_Sébastien_Bach_layout.ly,Alle Menschen müssen sterben,Alle Menschen müssen sterben
exact,BWV 260,Allein_Gott_in_der_Höh_sei_Ehr_(BWV_260)_Jean_Sébastien_Bach_layout.ly,Allein Gott in der Höh sei Ehr,Allein Gott in der Höh sei Ehr
exact,BWV 263,Alles_ist_an_Gottes_Segen_(BWV_263)_Jean_Sébastien_Bach_layout.ly,Alles ist an Gottes Segen,Alles ist an Gottes Segen
exact,BWV 265,Als_Jesus_Christus_in_der_Nacht_(BWV_265)_Jean_Sébastien_Bach_layout.ly,Als Jesu Christus in der Nacht,Als Jesu Christus in der Nacht
exact,BWV 264,Als_der_gütige_Gott_(BWV_264)_Jean_Sébastien_Bach_layout.ly,Als der gütige Gott,Als der gütige Gott
exact,BWV 266,Als_vierzig_Tag_nach_Ostern_warn_(BWV_266)_Jean_Sébastien_Bach_layout.ly,Als vierzig Tag nach Ostern warn,Als vierzig Tag nach Ostern warn
exact,BWV 267,An_Wasserflüssen_Babylon_(BWV_267)_Jean_Sébastien_Bach_layout.ly,An Wasserflüssen Babylon,An Wasserflüssen Babylon / Ein Lämmlein geht und trägt die Schuld
exact,BWV 268,"Auf,_auf,_mein_Herz,_und_du_mein_ganzer_Sinn_(BWV_268)_Jean_Sébastien_Bach_layout.ly","Auf, auf, mein Herz, und du, mein ganzer Sinn","Auf, auf, mein Herz, und du, mein ganzer Sinn"
exact,BWV 145a,"Auf,_mein_Herz,_des_Herren_Tag_(BWV_145a)_Jean_Sébastien_Bach_layout.ly","Auf, mein Herz, des Herren Tag","Auf, mein Herz, des Herren Tag"
exact,BWV 269,Aus_meines_Herzens_Grunde_(BWV_269)_Jean_Sébastien_Bach_layout.ly,Aus meines Herzens Grunde,Aus meines Herzens Grunde
exact,BWV 103/6,"Barmherzger_Vater,_höchster_Gott_(BWV_103_6)_Jean_Sébastien_Bach_layout.ly","Barmherzger Vater, höchster Gott","Barmherzger Vater, höchster Gott"
exact,BWV 153/5,Befiehl_du_deine_Wege_(BWV_153_5)_Jean_Sébastien_Bach_layout.ly,Befiehl du deine Wege,Befiehl du deine Wege
exact,BWV 244/44,Befiehl_du_deine_Wege_(BWV_244_44)_Jean_Sébastien_Bach_layout.ly,Befiehl du deine Wege,Befiehl du deine Wege
exact,BWV 273,"Christ,_der_du_bist_der_helle_Tag_(BWV_273)_Jean_Sébastien_Bach_layout.ly","Christ, der du bist der helle Tag","Christ, der du bist der helle Tag"
exact,BWV 276,Christ_ist_erstanden_(BWV_276)_Jean_Sébastien_Bach_layout.ly,Christ ist erstanden,Christ ist erstanden
exact,BWV 277,Christ_lag_in_Todesbanden_(BWV_277)_Jean_Sébastien_Bach_layout.ly,Christ lag in Todesbanden,Christ lag in Todesbanden
exact,BWV 4/8,Christ_lag_in_Todesbanden_(BWV_4_8)_Jean_Sébastien_Bach_layout.ly,Christ lag in Todesbanden,Christ lag in Todesbanden
exact,BWV 280,Christ_unser_Herr_zum_Jordan_kam_(BWV_280)_Jean_Sébastien_Bach_layout.ly,Christ unser Herr zum Jordan kam,Christ unser Herr zum Jordan kam
exact,BWV 274,"Christe,_der_du_bist_Tag_und_Licht_(BWV_274)_Jean_Sébastien_Bach_layout.ly","Christe, der du bist Tag und Licht","Christe, der du bist Tag und Licht"
exact,BWV 121/6,Christum_wir_sollen_loben_schon_(BWV_121_6)_Jean_Sébastien_Bach_layout.ly,Christum wir sollen loben schon,Christum wir sollen loben schon
exact,BWV 281,"Christus,_der_ist_mein_Leben_(BWV_281)_Jean_Sébastien_Bach_layout.ly","Christus, der ist mein Leben","Christus, der ist mein Leben"
exact,BWV 1084,"Christus,_der_uns_selig_macht_(BWV_1084)_Jean_Sébastien_Bach_layout.ly","Christus, der uns selig macht","Christus, der uns selig macht"
exact,BWV 245/15,"Christus,_der_uns_selig_macht_(BWV_245_15)_Jean_Sébastien_Bach_layout.ly","Christus, der uns selig macht","Christus, der uns selig macht"
exact,BWV 245/37,"Christus,_der_uns_selig_macht_(BWV_245_37)_Jean_Sébastien_Bach_layout.ly","Christus, der uns selig macht","Christus, der uns selig macht"
exact,BWV 283,"Christus,_der_uns_selig_macht_(BWV_283)_Jean_Sébastien_Bach_layout.ly","Christus, der uns selig macht","Christus, der uns selig macht"
exact,BWV 284,"Christus_ist_erstanden,_hat_überwunden_(BWV_284)_Jean_Sébastien_Bach_layout.ly","Christus ist erstanden, hat überwunden","Christus ist erstanden, hat überwunden"
exact,BWV 285,Da_der_Herr_Christ_zu_Tische_saß_(BWV_285)_Jean_Sébastien_Bach_layout.ly,Da der Herr Christ zu Tische saß,Da der Herr Christ zu Tische saß
exact,BWV 287,Dank_sei_Gott_in_der_Höhe_(BWV_287)_Jean_Sébastien_Bach_layout.ly,Dank sei Gott in der Höhe,Dank sei Gott in der Höhe
exact,BWV 290,Das_walt_Gott_Vater_und_Gott_Sohn_(BWV_290)_Jean_Sébastien_Bach_layout.ly,Das walt Gott Vater und Gott Sohn,Das walt Gott Vater und Gott Sohn
exact,BWV 292,Den_Vater_dort_oben_(BWV_292)_Jean_Sébastien_Bach_layout.ly,Den Vater dort oben,Den Vater dort oben
exact,BWV 104/6,Der_Herr_ist_mein_getreuer_Hirt_(BWV_104_6)_Jean_Sébastien_Bach_layout.ly,Der Herr ist mein getreuer Hirt,Der Herr ist mein getreuer Hirt
exact,BWV 112/5,Der_Herr_ist_mein_getreuer_Hirt_(BWV_112_5)_Jean_Sébastien_Bach_layout.ly,Der Herr ist mein getreuer Hirt,Der Herr ist mein getreuer Hirt
exact,BWV 294,"Der_Tag,_der_ist_so_freudenreich_(BWV_294)_Jean_Sébastien_Bach_layout.ly","Der Tag, der ist so freudenreich","Der Tag, der ist so freudenreich"
exact,BWV 293,Der_du_bist_drei_in_Einigkeit_(BWV_293)_Jean_Sébastien_Bach_layout.ly,Der du bist drei in Einigkeit,Der du bist drei in Einigkeit
exact,BWV 295,Des_Heilgen_Geistes_reiche_Gnad_(BWV_295)_Jean_Sébastien_Bach_layout.ly,Des Heilgen Geistes reiche Gnad,Des heilgen Geistes reiche Gnad
exact,BWV 296,Die_Nacht_ist_kommen_(BWV_296)_Jean_Sébastien_Bach_layout.ly,Die Nacht ist kommen,Die Nacht ist kommen
exact,BWV 298,Dies_sind_die_heilgen_zehn_Gebot_(BWV_298)_Jean_Sébastien_Bach_layout.ly,Dies sind die heilgen zehn Gebot,Dies sind die heilgen zehn Gebot
exact,BWV 299,"Dir,_dir,_Jehova,_will_ich_singen_(BWV_299)_Jean_Sébastien_Bach_layout.ly","Dir, dir, Jehova, will ich singen","Dir, dir, Jehova, will ich singen"
exact,BWV 301,"Du,_o_schönes_Weltgebäude_(BWV_301)_Jean_Sébastien_Bach_layout.ly","Du, o schönes Weltgebäude","Du, o schönes Weltgebäude"
exact,BWV 56/5,"Du,_o_schönes_Weltgebäude_(BWV_56_5)_Jean_Sébastien_Bach_layout.ly","Du, o schönes Weltgebäude","Du, o schönes Weltgebäude"
exact,BWV 67/7,"Du_Friedefürst,_Herr_Jesu_Christ_(BWV_67_7)_Jean_Sébastien_Bach_layout.ly","Du Friedefürst, Herr Jesu Christ","Du Friedefürst, Herr Jesu Christ"
exact,BWV 43/11,"Du_Lebensfürst,_Herr_Jesu_Christ _(BWV_43_11)_Jean_Sébastien_Bach_layout.ly","Du Lebensfürst, Herr Jesu Christ","Du Lebensfürst, Herr Jesu Christ"
exact,BWV 300,Du_großer_Schmerzensmann_(BWV_300)_Jean_Sébastien_Bach_layout.ly,Du großer Schmerzensmann,Du großer Schmerzensmann
exact,BWV 65/2,Ein_Kind_geborn_zu_Bethlehem_(BWV_65_2)_Jean_Sébastien_Bach_layout.ly,Ein Kind geborn zu Bethlehem,Ein Kind geborn zu Bethlehem
exact,BWV 304,"Eins_ist_not,_ach_Herr,_dies_Eine_(BWV_304)_Jean_Sébastien_Bach_layout.ly","Eins ist not, ach Herr, dies Eine","Eins ist not, ach Herr, dies Eine"
exact,BWV 305,"Erbarm_dich_mein,_o_Herre_Gott_(BWV_305)_Jean_Sébastien_Bach_layout.ly","Erbarm dich mein, o Herre Gott","Erbarm dich mein, o Herre Gott"
exact,BWV 6/6,"Erhalt_uns,_Herr,_bei_deinem_Wort_(BWV_6_6)_Jean_Sébastien_Bach_layout.ly","Erhalt uns, Herr, bei deinem Wort","Erhalt uns, Herr, bei deinem Wort"
exact,BWV 248/12,"Ermuntre_dich,_mein_schwacher_Geist_(BWV_248_12)_Jean_Sébastien_Bach_layout.ly","Ermuntre dich, mein schwacher Geist","Ermuntre dich, mein schwacher Geist"
exact,BWV 145/5,Erschienen_ist_der_herrlich_Tag_(BWV_145_5)_Jean_Sébastien_Bach_layout.ly,Erschienen ist der herrlich Tag,Erschienen ist der herrlich Tag
exact,BWV 155/5,Es_ist_das_Heil_uns_kommen_her_(BWV_155_5)_Jean_Sébastien_Bach_layout.ly,Es ist das Heil uns kommen her,Es ist das Heil uns kommen her
exact,BWV 86/6,Es_ist_das_Heil_uns_kommen_her_(BWV_86_6)_Jean_Sébastien_Bach_layout.ly,Es ist das Heil uns kommen her,Es ist das Heil uns kommen her
exact,BWV 9/7,Es_ist_das_Heil_uns_kommen_her_(vv._7–8)_(BWV_9_7)_Jean_Sébastien_Bach_layout.ly,Es ist das Heil uns kommen her,Es ist das Heil uns kommen her
exact,BWV 60/5,Es_ist_genug_(BWV_60_5)_Jean_Sébastien_Bach_layout.ly,Es ist genug,Es ist genug
exact,BWV 307,Es_ist_gewisslich_an_der_Zeit_(BWV_307)_Jean_Sébastien_Bach_layout.ly,Es ist gewisslich an der Zeit,Es ist gewisslich an der Zeit
exact,BWV 308,Es_spricht_der_Unweisen_Mund_wohl_(BWV_308)_Jean_Sébastien_Bach_layout.ly,Es spricht der Unweisen Mund wohl,Es spricht der Unweisen Mund wohl
exact,BWV 309,Es_stehn_vor_Gottes_Throne_(BWV_309)_Jean_Sébastien_Bach_layout.ly,Es stehn vor Gottes Throne,Es stehn vor Gottes Throne
exact,BWV 310,Es_wird_schier_der_letzte_Tag_herkommen_(BWV_310)_Jean_Sébastien_Bach_layout.ly,Es wird schier der letzte Tag herkommen,Es wird schier der letzte Tag herkommen
exact,BWV 69/6,Es_woll_uns_Gott_genädig sein_(BWV_69_6)_Jean_Sébastien_Bach_layout.ly,Es woll uns Gott genädig sein,Es woll uns Gott genädig sein
exact,BWV 19/7,"Freu_dich_sehr,_o_meine_Seele_(BWV_19_7)_Jean_Sébastien_Bach_layout.ly","Freu dich sehr, o meine Seele","Freu dich sehr, o meine Seele"
exact,BWV 40/8,"Freuet_euch,_ihr_Christen_alle_(BWV_40_8)_Jean_Sébastien_Bach_layout.ly","Freuet euch, ihr Christen alle","Freuet euch, ihr Christen alle"
exact,BWV 248/33,Fröhlich_soll_mein_Herze_springen_(BWV_248_33)_Jean_Sébastien_Bach_layout.ly,Fröhlich soll mein Herze springen,Fröhlich soll mein Herze springen
exact,BWV 64/2,"Gelobet_seist_du,_Jesu_Christ_(BWV_64_2)_Jean_Sébastien_Bach_layout.ly","Gelobet seist du, Jesu Christ","Gelobet seist du, Jesu Christ"
exact,BWV 91/6,"Gelobet_seist_du,_Jesu_Christ_(BWV_91_6)_Jean_Sébastien_Bach_layout.ly","Gelobet seist du, Jesu Christ","Gelobet seist du, Jesu Christ"
exact,BWV 315,Gib_dich_zufrieden_und_sei_stille_(BWV_315)_Jean_Sébastien_Bach_layout.ly,Gib dich zufrieden und sei stille,Gib dich zufrieden und sei stille
exact,BWV 316,"Gott,_der_du_selber_bist_das_Licht_(BWV_316)_Jean_Sébastien_Bach_layout.ly","Gott, der du selber bist das Licht","Gott, der du selber bist das Licht"
exact,BWV 108/6,"Gott_Vater,_sende_deinen_Geist_(BWV_108_6)_Jean_Sébastien_Bach_layout.ly","Gott Vater, sende deinen Geist","Gott Vater, sende deinen Geist"
exact,BWV 74/8,"Gott_Vater,_sende_deinen_Geist_(BWV_74_8)_Jean_Sébastien_Bach_layout.ly","Gott Vater, sende deinen Geist","Gott Vater, sende deinen Geist"
exact,BWV 317,Gott_der_Vater_wohn_uns_bei_(BWV_317)_Jean_Sébastien_Bach_layout.ly,Gott der Vater wohn uns bei,Gott der Vater wohn uns bei
exact,BWV 319,Gott_hat_das_Evangelium_(BWV_319)_Jean_Sébastien_Bach_layout.ly,Gott hat das Evangelium,Gott hat das Evangelium
exact,BWV 320,Gott_lebet_noch_(BWV_320)_Jean_Sébastien_Bach_layout.ly,Gott lebet noch,Gott lebet noch
exact,BWV 322,Gott_sei_gelobet_und_gebenedeiet_(BWV_322)_Jean_Sébastien_Bach_layout.ly,Gott sei gelobet und gebenedeiet,Gott sei gelobet und gebenedeiet
exact,BWV 323,Gott_sei_uns_gnädig_und_barmherzig_(BWV_323)_Jean_Sébastien_Bach_layout.ly,Gott sei uns gnädig und barmherzig,Gott sei uns gnädig und barmherzig
exact,BWV 318,Gottes_Sohn_ist_kommen_(BWV_318)_Jean_Sébastien_Bach_layout.ly,Gottes Sohn ist kommen,Gottes Sohn ist kommen
exact,BWV 321,"Gottlob,_es_geht_nunmehr_zum_Ende_(BWV_321)_Jean_Sébastien_Bach_layout.ly","Gottlob, es geht nunmehr zum Ende","Gottlob, es geht nunmehr zum Ende"
exact,BWV 16/6,Helft_mir_Gotts_Güte_preisen_(BWV_16_6)_Jean_Sébastien_Bach_layout.ly,Helft mir Gotts Güte preisen,Helft mir Gotts Güte preisen
exact,BWV 28/6,Helft_mir_Gotts_Güte_preisen_(BWV_28_6)_Jean_Sébastien_Bach_layout.ly,Helft mir Gotts Güte preisen,Helft mir Gotts Güte preisen
exact,BWV 419,Helft_mir_Gotts_Güte_preisen_Von_Gott_will_ich_nicht_lassen_(BWV_419)_Jean_Sébastien_Bach_layout.ly,Von Gott will ich nicht lassen,Von Gott will ich nicht lassen
exact,BWV 329,"Herr,_ich_denk_an_jene_Zeit_(BWV_329)_Jean_Sébastien_Bach_layout.ly","Herr, ich denk an jene Zeit","Herr, ich denk an jene Zeit"
exact,BWV 337,"Herr,_nun_lass_in_Friede_(BWV_337)_Jean_Sébastien_Bach_layout.ly","Herr, nun lass in Friede","Herr, nun lass in Friede"
exact,BWV 156/6,"Herr,_wie_du_willst,_so_schicks_mit_mir_(BWV_156_6)_Jean_Sébastien_Bach_layout.ly","Herr, wie du willst, so schicks mit mir","Herr, wie du willst, so schicks mit mir"
exact,BWV 164/6,"Herr_Christ,_der_einge_Gottessohn_(BWV_164_6)_Jean_Sébastien_Bach_layout.ly","Herr Christ, der einge Gottessohn","Herr Christ, der einge Gottessohn"
exact,BWV 96/6,"Herr_Christ,_der_einge_Gottessohn_(BWV_96_6)_Jean_Sébastien_Bach_layout.ly","Herr Christ, der einge Gottessohn","Herr Christ, der einge Gottessohn"
exact,BWV 113/8,"Herr_Jesu_Christ,_du_höchstes_Gut_(BWV_113_8)_Jean_Sébastien_Bach_layout.ly","Herr Jesu Christ, du höchstes Gut","Herr Jesu Christ, du höchstes Gut"
exact,BWV 168/6,"Herr_Jesu_Christ,_du_höchstes_Gut_(BWV_168_6)_Jean_Sébastien_Bach_layout.ly","Herr Jesu Christ, du höchstes Gut","Herr Jesu Christ, du höchstes Gut"
exact,BWV 48/7,"Herr_Jesu_Christ,_ich_schrei_zu_dir_(BWV_48_7)_Jean_Sébastien_Bach_layout.ly","Herr Jesu Christ, ich schrei zu dir","Herr Jesu Christ, ich schrei zu dir"
exact,BWV 335,"Herr_Jesu_Christ,_meins_Lebens_Licht_(BWV_335)_Jean_Sébastien_Bach_layout.ly","Herr Jesu Christ, meins Lebens Licht","Herr Jesu Christ, meins Lebens Licht / O Jesu, du mein Bräutigam"
exact,BWV 336,"Herr_Jesu_Christ,_wahr'_Mensch_und_Gott_(BWV_336)_Jean_Sébastien_Bach_layout.ly","Herr Jesu Christ, wahr Mensch und Gott","Herr Jesu Christ, wahr Mensch und Gott"
exact,BWV 127/5,"Herr_Jesu_Christ,_wahr_Mensch_und_Gott_(BWV_127_5)_Jean_Sébastien_Bach_layout.ly","Herr Jesu Christ, wahr Mensch und Gott","Herr Jesu Christ, wahr Mensch und Gott"
exact,BWV 174/5,"Herzlich_lieb_hab_ich_dich,_o_Herr_(BWV_174_5)_Jean_Sébastien_Bach_layout.ly","Herzlich lieb hab ich dich, o Herr","Herzlich lieb hab ich dich, o Herr"
exact,BWV 245/40,"Herzlich_lieb_hab_ich_dich,_o_Herr_(BWV_245_40)_Jean_Sébastien_Bach_layout.ly","Herzlich lieb hab ich dich, o Herr","Herzlich lieb hab ich dich, o Herr"
exact,BWV 340,"Herzlich_lieb_hab_ich_dich,_o_Herr_(BWV_340)_Jean_Sébastien_Bach_layout.ly","Herzlich lieb hab ich dich, o Herr","Herzlich lieb hab ich dich, o Herr"
exact,BWV 161/6,Herzlich_tut_mich_verlangen_(BWV_161_6)_Jean_Sébastien_Bach_layout.ly,Herzlich tut mich verlangen,Herzlich tut mich verlangen
exact,BWV 341,"Heut_ist,_o_Mensch,_ein_großer_Trauertag_(BWV_341)_Jean_Sébastien_Bach_layout.ly","Heut ist, o Mensch, ein großer Trauertag","Heut ist, o Mensch, ein großer Trauertag"
exact,BWV 342,Heut_triumphieret_Gottes_Sohn_(BWV_342)_Jean_Sébastien_Bach_layout.ly,Heut triumphieret Gottes Sohn,Heut triumphieret Gottes Sohn
exact,BWV 343,"Hilf,_Gott,_dass_mirs_gelinge_(BWV_343)_Jean_Sébastien_Bach_layout.ly","Hilf, Gott, dass mirs gelinge","Hilf, Gott, dass mirs gelinge"
exact,BWV 344,"Hilf,_Herr_Jesu,_lass_gelingen_(BWV_344)_Jean_Sébastien_Bach_layout.ly","Hilf, Herr Jesu, lass gelingen","Hilf, Herr Jesu, lass gelingen"
exact,BWV 179/6,"Ich_armer_Mensch,_ich_armer_Sünder_(BWV_179_6)_Jean_Sébastien_Bach_layout.ly","Ich armer Mensch, ich armer Sünder","Ich armer Mensch, ich armer Sünder"
exact,BWV 345,"Ich_bin_ja,_Herr,_in_deiner_Macht_(BWV_345)_Jean_Sébastien_Bach_layout.ly","Ich bin ja, Herr, in deiner Macht","Ich bin ja, Herr, in deiner Macht"
exact,BWV 37/6,"Ich_dank_dir,_lieber_Herre_(BWV_37_6)_Jean_Sébastien_Bach_layout.ly","Ich dank dir, lieber Herre","Ich dank dir, lieber Herre"
exact,BWV 133/6,Ich_freue_mich_in_dir_(BWV_133_6)_Jean_Sébastien_Bach_layout.ly,Ich freue mich in dir,Ich freue mich in dir
exact,BWV 65/7,Ich_hab_in_Gottes_Herz_und_Sinn_(BWV_65_7)_Jean_Sébastien_Bach_layout.ly,Ich hab in Gottes Herz und Sinn,Ich hab in Gottes Herz und Sinn
exact,BWV 351,Ich_hab_mein_Sach_Gott_heimgestellt_(BWV_351)_Jean_Sébastien_Bach_layout.ly,Ich hab mein Sach Gott heimgestellt,Ich hab mein Sach Gott heimgestellt
exact,BWV 177/5,"Ich_ruf_zu_dir,_Herr_Jesu_Christ_(BWV_177_5)_Jean_Sébastien_Bach_layout.ly","Ich ruf zu dir, Herr Jesu Christ","Ich ruf zu dir, Herr Jesu Christ"
exact,BWV 248/59,Ich_steh_an_deiner_Krippen_hier_(BWV_248_59)_Jean_Sébastien_Bach_layout.ly,Ich steh an deiner Krippen hier,Ich steh an deiner Krippen hier
exact,BWV 366,"Ihr_Gestirn',_ihr_hohlen_Lüfte_(BWV_366)_Jean_Sébastien_Bach_layout.ly","Ihr Gestirn, ihr hohlen Lüfte","Ihr Gestirn, ihr hohlen Lüfte"
exact,BWV 248/53,"Ihr_Gestirn,_ihr_hohlen_Lüfte_(BWV_248_53)_Jean_Sébastien_Bach_layout.ly","Ihr Gestirn, ihr hohlen Lüfte","Ihr Gestirn, ihr hohlen Lüfte"
exact,BWV 13/6,In_allen_meinen_Taten_(BWV_13_6)_Jean_Sébastien_Bach_layout.ly,In allen meinen Taten,In allen meinen Taten
exact,BWV 44/7,In_allen_meinen_Taten_(BWV_44_7)_Jean_Sébastien_Bach_layout.ly,In allen meinen Taten,In allen meinen Taten
exact,BWV 244/32,"In_dich_hab_ich_gehoffet,_Herr_(BWV_244_32)_Jean_Sébastien_Bach_layout.ly","In dich hab ich gehoffet, Herr","In dich hab ich gehoffet, Herr"
exact,BWV 368,In_dulci_jubilo_(BWV_368)_Jean_Sébastien_Bach_layout.ly,In dulci jubilo,In dulci jubilo
exact,BWV 85/6,Ist_Gott_mein_Schild_und_Helfersmann_(BWV_85_6)_Jean_Sébastien_Bach_layout.ly,Ist Gott mein Schild und Helfersmann,Ist Gott mein Schild und Helfersmann
exact,BWV 78/7,"Jesu,_der_du_meine_Seele_(BWV_78_7)_Jean_Sébastien_Bach_layout.ly","Jesu, der du meine Seele","Jesu, der du meine Seele"
exact,BWV 355,"Jesu,_der_du_selbsten_wohl_(BWV_355)_Jean_Sébastien_Bach_layout.ly","Jesu, der du selbsten wohl","Jesu, der du selbsten wohl"
exact,BWV 356,"Jesu,_du_mein_liebstes_Leben_(BWV_356)_Jean_Sébastien_Bach_layout.ly","Jesu, du mein liebstes Leben","Jesu, du mein liebstes Leben"
exact,BWV 227/7,"Jesu,_meine_Freude_(BWV_227_7)_Jean_Sébastien_Bach_layout.ly","Jesu, meine Freude","Jesu, meine Freude"
exact,BWV 81/7,"Jesu,_meine_Freude_(BWV_81_7)_Jean_Sébastien_Bach_layout.ly","Jesu, meine Freude","Jesu, meine Freude"
exact,BWV 154/3,"Jesu,_meiner_Seelen_Wonne_(BWV_154_3)_Jean_Sébastien_Bach_layout.ly","Jesu, meiner Seelen Wonne","Jesu, meiner Seelen Wonne"
exact,BWV 361,"Jesu,_meines_Herzens_Freud_(BWV_361)_Jean_Sébastien_Bach_layout.ly","Jesu, meines Herzens Freud","Jesu, meines Herzens Freud"
exact,BWV 190/7,"Jesu,_nun_sei_gepreiset_(BWV_190_7)_Jean_Sébastien_Bach_layout.ly","Jesu, nun sei gepreiset","Jesu, nun sei gepreiset"
exact,BWV 362,"Jesu,_nun_sei_gepreiset_(BWV_362)_Jean_Sébastien_Bach_layout.ly","Jesu, nun sei gepreiset","Jesu, nun sei gepreiset"
exact,BWV 41/6,"Jesu,_nun_sei_gepreiset_(BWV_41_6)_Jean_Sébastien_Bach_layout.ly","Jesu, nun sei gepreiset","Jesu, nun sei gepreiset"
exact,BWV 159/5,"Jesu_Leiden,_Pein_und_Tod_(BWV_159_5)_Jean_Sébastien_Bach_layout.ly","Jesu Leiden, Pein und Tod","Jesu Leiden, Pein und Tod"
exact,BWV 245/14,"Jesu_Leiden,_Pein_und_Tod_(BWV_245_14)_Jean_Sébastien_Bach_layout.ly","Jesu Leiden, Pein und Tod","Jesu Leiden, Pein und Tod"
exact,BWV 245/28,"Jesu_Leiden,_Pein_und_Tod_(BWV_245_28)_Jean_Sébastien_Bach_layout.ly","Jesu Leiden, Pein und Tod","Jesu Leiden, Pein und Tod"
exact,BWV 365,"Jesus,_meine_Zuversicht_(BWV_365)_Jean_Sébastien_Bach_layout.ly","Jesus, meine Zuversicht","Jesus, meine Zuversicht"
exact,BWV 364,"Jesus_Christus,_unser_Heiland,_der_den_Tod_überwand_(BWV_364)_Jean_Sébastien_Bach_layout.ly","Jesus Christus, unser Heiland, der den Tod überwand","Jesus Christus, unser Heiland, der den Tod überwand"
exact,BWV 369,Keinen_hat_Gott_verlassen_(BWV_369)_Jean_Sébastien_Bach_layout.ly,Keinen hat Gott verlassen,Keinen hat Gott verlassen
exact,BWV 370,"Komm,_Gott_Schöpfer,_Heiliger_Geist_(BWV_370)_Jean_Sébastien_Bach_layout.ly","Komm, Gott Schöpfer, Heiliger Geist","Komm, Gott Schöpfer, heiliger Geist"
exact,BWV 226/2,"Komm,_Heiliger_Geist,_Herre_Gott_(BWV_226_2)_Jean_Sébastien_Bach_layout.ly","Komm, Heiliger Geist, Herre Gott","Komm, Heiliger Geist, Herre Gott"
exact,BWV 371,"Kyrie,_Gott_Vater_in_Ewigkeit_(choral)_(BWV_371)_Jean_Sébastien_Bach_layout.ly","Kyrie, Gott Vater in Ewigkeit","Kyrie, Gott Vater in Ewigkeit"
exact,BWV 372,"Lass,_o_Herr,_dein_Ohr_sich_neigen_(BWV_372)_Jean_Sébastien_Bach_layout.ly","Lass, o Herr, dein Ohr sich neigen","Lass, o Herr, dein Ohr sich neigen"
exact,BWV 8/6,"Liebster_Gott,_wenn_werd_ich_sterben_(BWV_8_6)_Jean_Sébastien_Bach_layout.ly","Liebster Gott, wenn werd ich sterben","Liebster Gott, wenn werd ich sterben"
exact,BWV 123/6,"Liebster_Immanuel,_Herzog_der_Frommen_(BWV_123_6)_Jean_Sébastien_Bach_layout.ly","Liebster Immanuel, Herzog der Frommen","Liebster Immanuel, Herzog der Frommen"
exact,BWV 374,"Lobet_den_Herren,_denn_er_ist_sehr_freundlich_(BWV_374)_Jean_Sébastien_Bach_layout.ly","Lobet den Herren, denn er ist sehr freundlich","Lobet den Herren, denn er ist sehr freundlich"
exact,BWV 151/5,"Lobt_Gott,_ihr_Christen,_allzugleich_(BWV_151_5)_Jean_Sébastien_Bach_layout.ly","Lobt Gott, ihr Christen, allzugleich","Lobt Gott, ihr Christen, allzugleich"
exact,BWV 115/6,"Mache_dich,_mein_Geist,_bereit_(BWV_115_6)_Jean_Sébastien_Bach_layout.ly","Mache dich, mein Geist, bereit","Mache dich, mein Geist, bereit"
exact,BWV 377,"Machs_mit_mir,_Gott,_nach_deiner_Güt_(BWV_377)_Jean_Sébastien_Bach_layout.ly","Machs mit mir, Gott, nach deiner Güt","Machs mit mir, Gott, nach deiner Güt"
exact,BWV 381,Meines_Lebens_letzte_Zeit_(BWV_381)_Jean_Sébastien_Bach_layout.ly,Meines Lebens letzte Zeit,Meines Lebens letzte Zeit
exact,BWV 83/5,Mit_Fried_und_Freud_ich_fahr_dahin_(BWV_83_5)_Jean_Sébastien_Bach_layout.ly,Mit Fried und Freud ich fahr dahin,Mit Fried und Freud ich fahr dahin
exact,BWV 383,Mitten_wir_im_Leben_sind_(BWV_383)_Jean_Sébastien_Bach_layout.ly,Mitten wir im Leben sind,Mitten wir im Leben sind
exact,BWV 384,"Nicht_so_traurig,_nicht_so_sehr_(BWV_384)_Jean_Sébastien_Bach_layout.ly","Nicht so traurig, nicht so sehr","Nicht so traurig, nicht so sehr"
exact,BWV 101/7,"Nimm_von_uns,_Herr,_du_treuer_Gott_(BWV_101_7)_Jean_Sébastien_Bach_layout.ly","Nimm von uns, Herr, du treuer Gott","Nimm von uns, Herr, du treuer Gott"
exact,BWV 90/5,"Nimm_von_uns,_Herr,_du_treuer_Gott_(BWV_90_5)_Jean_Sébastien_Bach_layout.ly","Nimm von uns, Herr, du treuer Gott","Nimm von uns, Herr, du treuer Gott"
exact,BWV 248/46,"Nun,_liebe_Seel,_nun_ist_es_Zeit_(BWV_248_46)_Jean_Sébastien_Bach_layout.ly","Nun, liebe Seel, nun ist es Zeit","Nun, liebe Seel, nun ist es Zeit"
exact,BWV 169/7,Nun_bitten_wir_den_Heiligen_Geist_(BWV_169_7)_Jean_Sébastien_Bach_layout.ly,Nun bitten wir den Heiligen Geist,Nun bitten wir den Heiligen Geist
exact,BWV 385,Nun_bitten_wir_den_Heiligen_Geist_(BWV_385)_Jean_Sébastien_Bach_layout.ly,Nun bitten wir den Heiligen Geist,Nun bitten wir den Heiligen Geist
exact,BWV 252,Nun_danket_alle_Gott_(BWV_252)_Jean_Sébastien_Bach_layout.ly,Nun danket alle Gott,Nun danket alle Gott
exact,BWV 387,"Nun_freut_euch,_Gottes_Kinder_all_(BWV_387)_Jean_Sébastien_Bach_layout.ly","Nun freut euch, Gottes Kinder all","Nun freut euch, Gottes Kinder all"
exact,BWV 388,"Nun_freut_euch,_lieben_Christen_gmein_(BWV_388)_Jean_Sébastien_Bach_layout.ly","Nun freut euch, lieben Christen gmein","Nun freut euch, lieben Christen gmein"
exact,BWV 36/8,"Nun_komm,_der_Heiden_Heiland_(BWV_36_8)_Jean_Sébastien_Bach_layout.ly","Nun komm, der Heiden Heiland","Nun komm, der Heiden Heiland"
exact,BWV 62/6,"Nun_komm,_der_Heiden_Heiland_(BWV_62_6)_Jean_Sébastien_Bach_layout.ly","Nun komm, der Heiden Heiland","Nun komm, der Heiden Heiland"
exact,BWV 17/7,"Nun_lob,_mein_Seel,_den_Herren_(BWV_17_7)_Jean_Sébastien_Bach_layout.ly","Nun lob, mein Seel, den Herren","Nun lob, mein Seel, den Herren"
exact,BWV 29/8,"Nun_lob,_mein_Seel,_den_Herren_(BWV_29_8)_Jean_Sébastien_Bach_layout.ly","Nun lob, mein Seel, den Herren","Nun lob, mein Seel, den Herren"
exact,BWV 391,Nun_preiset_alle_Gottes_Barmherzigkeit_(BWV_391)_Jean_Sébastien_Bach_layout.ly,Nun preiset alle Gottes Barmherzigkeit,Nun preiset alle Gottes Barmherzigkeit
exact,BWV 392,Nun_ruhen_alle_Wälder_(BWV_392)_Jean_Sébastien_Bach_layout.ly,Nun ruhen alle Wälder,Nun ruhen alle Wälder
exact,BWV 396,Nun_sich_der_Tag_geendet_hat_(BWV_396)_Jean_Sébastien_Bach_layout.ly,Nun sich der Tag geendet hat,Nun sich der Tag geendet hat
exact,BWV 24/6,"O_Gott,_du_frommer_Gott_(BWV_24_6)_Jean_Sébastien_Bach_layout.ly","O Gott, du frommer Gott","O Gott, du frommer Gott"
exact,BWV 45/7,"O_Gott,_du_frommer_Gott_(BWV_45_7)_Jean_Sébastien_Bach_layout.ly","O Gott, du frommer Gott","O Gott, du frommer Gott"
exact,BWV 244/15,O_Haupt_voll_Blut_und_Wunden_(BWV_244_15)_Jean_Sébastien_Bach_layout.ly,O Haupt voll Blut und Wunden,O Haupt voll Blut und Wunden
exact,BWV 244/54,O_Haupt_voll_Blut_und_Wunden_(BWV_244_54)_Jean_Sébastien_Bach_layout.ly,O Haupt voll Blut und Wunden,O Haupt voll Blut und Wunden
exact,BWV 244/62,O_Haupt_voll_Blut_und_Wunden_(BWV_244_62)_Jean_Sébastien_Bach_layout.ly,O Haupt voll Blut und Wunden,O Haupt voll Blut und Wunden
exact,BWV 184/5,"O_Herre_Gott,_dein_göttlich_Wort_(BWV_184_5)_Jean_Sébastien_Bach_layout.ly","O Herre Gott, dein göttlich Wort","O Herre Gott, dein göttlich Wort"
exact,BWV 402,"O_Mensch,_bewein_dein_Sünde_groß_(BWV_402)_Jean_Sébastien_Bach_layout.ly","O Mensch, bewein dein Sünde groß","O Mensch, bewein dein Sünde groß"
exact,BWV 403,"O_Mensch,_schau_Jesum_Christum_an_(BWV_403)_Jean_Sébastien_Bach_layout.ly","O Mensch, schau Jesum Christum an","O Mensch, schau Jesum Christum an"
exact,BWV 404,"O_Traurigkeit,_o_Herzeleid_(BWV_404)_Jean_Sébastien_Bach_layout.ly","O Traurigkeit, o Herzeleid!","O Traurigkeit, o Herzeleid!"
exact,BWV 244/10,"O_Welt,_sieh_hier_dein_Leben_(BWV_244_10)_Jean_Sébastien_Bach_layout.ly","O Welt, sieh hier dein Leben","O Welt, sieh hier dein Leben"
exact,BWV 244/37,"O_Welt,_sieh_hier_dein_Leben_(BWV_244_37)_Jean_Sébastien_Bach_layout.ly","O Welt, sieh hier dein Leben","O Welt, sieh hier dein Leben"
exact,BWV 245/11,"O_Welt,_sieh_hier_dein_Leben_(vv._3–4)_(BWV_245_11)_Jean_Sébastien_Bach_layout.ly","O Welt, sieh hier dein Leben","O Welt, sieh hier dein Leben"
exact,BWV 46/6,O_großer_Gott_von_Macht_(BWV_46_6)_Jean_Sébastien_Bach_layout.ly,O großer Gott von Macht,O großer Gott von Macht
exact,BWV 407,O_wir_armen_Sünder_(BWV_407)_Jean_Sébastien_Bach_layout.ly,O wir armen Sünder!,O wir armen Sünder!
exact,BWV 153/1,"Schau,_lieber_Gott,_wie_meine_Feind_(BWV_153_1)_Jean_Sébastien_Bach_layout.ly","Schau, lieber Gott, wie meine Feind","Schau, lieber Gott, wie meine Feind"
exact,BWV 408,"Schaut,_ihr_Sünder_(BWV_408)_Jean_Sébastien_Bach_layout.ly","Schaut, ihr Sünder","Schaut, ihr Sünder"
exact,BWV 180/7,"Schmücke_dich,_o_liebe_Seele_(BWV_180_7)_Jean_Sébastien_Bach_layout.ly","Schmücke dich, o liebe Seele","Schmücke dich, o liebe Seele"
exact,BWV 40/6,Schwing_dich_auf_zu_deinem_Gott_(BWV_40_6)_Jean_Sébastien_Bach_layout.ly,Schwing dich auf zu deinem Gott,Schwing dich auf zu deinem Gott
exact,BWV 251,Sei_Lob_und_Ehr_dem_höchsten_Gut_(BWV_251)_Jean_Sébastien_Bach_layout.ly,Sei Lob und Ehr dem höchsten Gut,Sei Lob und Ehr dem höchsten Gut
exact,BWV 410,"Sei_gegrüßet,_Jesu_gütig_(BWV_410)_Jean_Sébastien_Bach_layout.ly","Sei gegrüßet, Jesu gütig","Sei gegrüßet, Jesu gütig"
exact,BWV 87/7,Selig_ist_die_Seele_(BWV_87_7)_Jean_Sébastien_Bach_layout.ly,Selig ist die Seele,Selig ist die Seele
exact,BWV 187/7,Singen_wir_aus_Herzensgrund_(BWV_187_7)_Jean_Sébastien_Bach_layout.ly,Singen wir aus Herzensgrund,Singen wir aus Herzensgrund
exact,BWV 411,Singt_dem_Herrn_ein_neues_Lied_(BWV_411)_Jean_Sébastien_Bach_layout.ly,Singt dem Herrn ein neues Lied,Singt dem Herrn ein neues Lied
exact,BWV 500a,"So_gehst_du_nun,_mein_Jesu,_hin_(BWV_500a)_Jean_Sébastien_Bach_layout.ly","So gehst du nun, mein Jesu, hin","So gehst du nun, mein Jesu, hin"
exact,BWV 412,"So_gibst_du_nun,_mein_Jesu,_gute_Nacht_(BWV_412)_Jean_Sébastien_Bach_layout.ly","So gibst du nun, mein Jesu, gute Nacht!","So gibst du nun, mein Jesu, gute Nacht!"
exact,BWV 102/7,"So_wahr_ich_lebe,_spricht_dein_Gott_(BWV_102_7)_Jean_Sébastien_Bach_layout.ly","So wahr ich lebe, spricht dein Gott","So wahr ich lebe, spricht dein Gott"
exact,BWV 413,Sollt_ich_meinem_Gott_nicht_singen_(BWV_413)_Jean_Sébastien_Bach_layout.ly,Sollt ich meinem Gott nicht singen,Sollt ich meinem Gott nicht singen
exact,BWV 30/6,"Tröstet,_tröstet_meine_Lieben_(BWV_30_6)_Jean_Sébastien_Bach_layout.ly","Tröstet, tröstet meine Lieben","Tröstet, tröstet meine Lieben"
exact,BWV 414,Uns_ist_ein_Kindlein_heut_geborn_(BWV_414)_Jean_Sébastien_Bach_layout.ly,Uns ist ein Kindlein heut geborn,Uns ist ein Kindlein heut geborn
exact,BWV 245/26,Valet_will_ich_dir_geben_(BWV_245_26)_Jean_Sébastien_Bach_layout.ly,Valet will ich dir geben,Valet will ich dir geben
exact,BWV 416,Vater_unser_im_Himmelreich_(choral)_(BWV_416)_Jean_Sébastien_Bach_layout.ly,Vater unser im Himmelreich,Vater unser im Himmelreich
exact,BWV 73/5,Von_Gott_will_ich_nicht_lassen_(BWV_73_5)_Jean_Sébastien_Bach_layout.ly,Von Gott will ich nicht lassen,Von Gott will ich nicht lassen
exact,BWV 327,Vor_deinen_Thron_tret_ich_hiermit_(BWV_327)_Jean_Sébastien_Bach_layout.ly,Vor deinen Thron tret ich hiermit,Vor deinen Thron tret ich hiermit
exact,BWV 194/12,"Wach_auf,_mein_Herz,_und_singe_(BWV_194_12)_Jean_Sébastien_Bach_layout.ly","Wach auf, mein Herz, und singe","Wach auf, mein Herz, und singe"
exact,BWV 140/7,"Wachet_auf,_ruft_uns_die_Stimme_(BWV_140_7)_Jean_Sébastien_Bach_layout.ly","Wachet auf, ruft uns die Stimme","Wachet auf, ruft uns die Stimme"
exact,BWV 47/5,"Warum_betrübst_du_dich,_mein_Herz_(BWV_47_5)_Jean_Sébastien_Bach_layout.ly","Warum betrübst du dich, mein Herz","Warum betrübst du dich, mein Herz"
exact,BWV 422,Warum_sollt_ich_mich_denn_grämen_(BWV_422)_Jean_Sébastien_Bach_layout.ly,Warum sollt ich mich denn grämen,Warum sollt ich mich denn grämen
exact,BWV 144/3,"Was_Gott_tut,_das_ist_wohlgetan_(BWV_144_3)_Jean_Sébastien_Bach_layout.ly","Was Gott tut, das ist wohlgetan","Was Gott tut, das ist wohlgetan"
exact,BWV 250,"Was_Gott_tut,_das_ist_wohlgetan_(BWV_250)_Jean_Sébastien_Bach_layout.ly","Was Gott tut, das ist wohlgetan","Was Gott tut, das ist wohlgetan"
exact,BWV 69a/6,"Was_Gott_tut,_das_ist_wohlgetan_(BWV_69a_6)_Jean_Sébastien_Bach_layout.ly","Was Gott tut, das ist wohlgetan","Was Gott tut, das ist wohlgetan"
exact,BWV 176/6,Was_alle_Weisheit_in_der_Welt_(BWV_176_6)_Jean_Sébastien_Bach_layout.ly,Was alle Weisheit in der Welt,Was alle Weisheit in der Welt
exact,BWV 424,"Was_bist_du_doch,_o_Seele,_so_betrübet_(BWV_424)_Jean_Sébastien_Bach_layout.ly","Was bist du doch, o Seele so betrübet","Was bist du doch, o Seele so betrübet"
exact,BWV 64/4,Was_frag_ich_nach_der_Welt_(BWV_64_4)_Jean_Sébastien_Bach_layout.ly,Was frag ich nach der Welt,Was frag ich nach der Welt
exact,BWV 425,"Was_willst_du_dich,_o_meine_Seele,_kränken_(BWV_425)_Jean_Sébastien_Bach_layout.ly","Was willst du dich, o meine Seele, kränken","Was willst du dich, o meine Seele, kränken"
exact,BWV 32/6,"Weg,_mein_Herz,_mit_den_Gedanken_(BWV_32_6)_Jean_Sébastien_Bach_layout.ly","Weg, mein Herz, mit den Gedanken","Weg, mein Herz, mit den Gedanken"
exact,BWV 27/6,"Welt,_ade!_Ich_bin_dein_müde_(BWV_27_6)_Jean_Sébastien_Bach_layout.ly","Welt, ade! Ich bin dein müde","Welt, ade! Ich bin dein müde"
exact,BWV 426,Weltlich_Ehr_und_zeitlich_Gut_(BWV_426)_Jean_Sébastien_Bach_layout.ly,Weltlich Ehr und zeitlich Gut,Weltlich Ehr und zeitlich Gut
exact,BWV 427,Wenn_ich_in_Angst_und_Not_(BWV_427)_Jean_Sébastien_Bach_layout.ly,Wenn ich in Angst und Not,Wenn ich in Angst und Not
exact,BWV 433,"Wer_Gott_vertraut,_hat_wohl_gebaut_(BWV_433)_Jean_Sébastien_Bach_layout.ly","Wer Gott vertraut, hat wohl gebaut","Wer Gott vertraut, hat wohl gebaut"
exact,BWV 244/40,"Werde_munter,_mein_Gemüte_(BWV_244_40)_Jean_Sébastien_Bach_layout.ly",Werde munter mein Gemüte,Werde munter mein Gemüte
exact,BWV 55/5,"Werde_munter,_mein_Gemüte_(BWV_55_5)_Jean_Sébastien_Bach_layout.ly",Werde munter mein Gemüte,Werde munter mein Gemüte
exact,BWV 435,"Wie_bist_du,_Seele,_in_mir_so_gar_betrübt_(BWV_435)_Jean_Sébastien_Bach_layout.ly","Wie bist du, Seele, in mir so gar betrübt","Wie bist du, Seele, in mir so gar betrübt"
exact,BWV 172/6,Wie_schön_leuchtet_der_Morgenstern_(BWV_172_6)_Jean_Sébastien_Bach_layout.ly,Wie schön leuchtet der Morgenstern,Wie schön leuchtet der Morgenstern
exact,BWV 36/4,Wie_schön_leuchtet_der_Morgenstern_(BWV_36_4)_Jean_Sébastien_Bach_layout.ly,Wie schön leuchtet der Morgenstern,Wie schön leuchtet der Morgenstern
exact,BWV 110/7,Wir_Christenleut_habn_jetzund_Freud_(BWV_110_7)_Jean_Sébastien_Bach_layout.ly,Wir Christenleut habn jetzund Freud,Wir Christenleut habn jetzund Freud
exact,BWV 40/3,Wir_Christenleut_habn_jetzund_Freud_(BWV_40_3)_Jean_Sébastien_Bach_layout.ly,Wir Christenleut habn jetzund Freud,Wir Christenleut habn jetzund Freud
exact,BWV 437,Wir_glauben_all_an_einen_Gott_(choral)_(BWV_437)_Jean_Sébastien_Bach_layout.ly,Wir glauben all an einen Gott,Wir glauben all an einen Gott
exact,BWV 248/23,"Wir_singen_dir,_Immanuel_(BWV_248_23)_Jean_Sébastien_Bach_layout.ly","Wir singen dir, Immanuel","Wir singen dir, Immanuel"
exact,BWV 258,Wo_Gott_der_Herr_nicht_bei_uns_hält_(BWV_258)_Jean_Sébastien_Bach_layout.ly,Wo Gott der Herr nicht bei uns hält,Wo Gott der Herr nicht bei uns hält
exact,BWV 438,Wo_Gott_zum_Haus_nicht_gibt_sein_Gunst_(BWV_438)_Jean_Sébastien_Bach_layout.ly,Wo Gott zum Haus nicht gibt sein Gunst,Wo Gott zum Haus nicht gibt sein Gunst
exact,BWV 136/6,Wo_soll_ich_fliehen_hin_(BWV_136_6)_Jean_Sébastien_Bach_layout.ly,Wo soll ich fliehen hin,Wo soll ich fliehen hin
exact,BWV 5/7,Wo_soll_ich_fliehen_hin_(BWV_5_7)_Jean_Sébastien_Bach_layout.ly,Wo soll ich fliehen hin,Wo soll ich fliehen hin
exact,BWV 89/6,Wo_soll_ich_fliehen_hin_(BWV_89_6)_Jean_Sébastien_Bach_layout.ly,Wo soll ich fliehen hin,Wo soll ich fliehen hin
exact,BWV 14/5,Wär_Gott_nicht_mit_uns_diese_Zeit_(BWV_14_5)_Jean_Sébastien_Bach_layout.ly,Wär Gott nicht mit uns diese Zeit,Wär Gott nicht mit uns diese Zeit
exact,BWV 257,Wär_Gott_nicht_mit_uns_diese_Zeit_(BWV_257)_Jean_Sébastien_Bach_layout.ly,Wär Gott nicht mit uns diese Zeit,Wär Gott nicht mit uns diese Zeit
exact,BWV 183/5,Zeuch_ein_zu_deinen_Toren_(BWV_183_5)_Jean_Sébastien_Bach_layout.ly,Zeuch ein zu deinen Toren,Zeuch ein zu deinen Toren
